,year,ev_sales
year,1.0,0.08985443659727736
ev_sales,0.08985443659727736,1.0
