,Open,High,Low,Close,Volume,Dividends,Stock Splits
Open,1.0,0.9996359923404099,0.9995363003736272,0.9990143091750687,0.06370224341029272,0.021382660173826826,0.016692905564727533
High,0.9996359923404099,1.0,0.999502973030003,0.9995515576484295,0.06836780814577682,0.02099904548451374,0.017715334477458867
Low,0.9995363003736272,0.999502973030003,1.0,0.9995869655238856,0.05903614273451069,0.021066575821688138,0.016479887402397288
Close,0.9990143091750687,0.9995515576484295,0.9995869655238856,1.0,0.06443442294027828,0.020297457825413572,0.018082090495733928
Volume,0.06370224341029272,0.06836780814577682,0.05903614273451069,0.06443442294027828,1.0,-0.02795089562151012,0.04151825175867987
Dividends,0.021382660173826826,0.02099904548451374,0.021066575821688138,0.020297457825413572,-0.02795089562151012,1.0,-0.0022692046910939867
Stock Splits,0.016692905564727533,0.017715334477458867,0.016479887402397288,0.018082090495733928,0.04151825175867987,-0.0022692046910939867,1.0
