,Customer ID,Age,Purchase Amount (USD),Review Rating,Previous Purchases
Customer ID,1.0,0.0038673167373763154,-0.015302739554450178,-0.02417455469506812,0.004700421545401569
Age,0.0038673167373763154,1.0,-0.013225573885176882,0.00383060500746187,0.026449792735110927
Purchase Amount (USD),-0.015302739554450178,-0.013225573885176882,1.0,0.03114078099090476,0.01217070176382231
Review Rating,-0.02417455469506812,0.00383060500746187,0.03114078099090476,1.0,0.028786452587627513
Previous Purchases,0.004700421545401569,0.026449792735110927,0.01217070176382231,0.028786452587627513,1.0
