column,count,mean,std,min,25%,50%,75%,max
Customer ID,100000.0,1949.65933,1126.2570862659177,1.0,971.0,1950.0,2925.0,3899.0
Age,100000.0,43.55872,14.999556721070736,18.0,31.0,44.0,57.0,69.0
Purchase Amount (USD),100000.0,59.36067,23.07934950805237,20.0,39.0,59.0,79.0,99.0
Review Rating,100000.0,3.75171480064,0.7216537037193557,2.500021,3.125741,3.7541925000000003,4.378431,4.999987
Previous Purchases,100000.0,24.99534,14.154202262890587,1.0,13.0,25.0,37.0,49.0
