,year,value
year,1.0,0.2674074222223046
value,0.2674074222223046,1.0
