,model year,vehicle_count
model year,1.0,0.06195174414434796
vehicle_count,0.06195174414434796,1.0
